{
    "accuracy": 0.99,
    "precision": 0.9900598432363877,
    "recall": 0.99,
    "f1": 0.9899604538259715,
    "auc": 0.9997278729283036
}
